{"name":"t:sections.header.name","type":"header","sections":{"header":{"type":"header","disabled":true,"settings":{"logo_position":"middle-center","menu":"main-menu","menu_type_desktop":"dropdown","sticky_header_type":"on-scroll-up","show_line_separator":true,"color_scheme":"scheme-1","menu_color_scheme":"scheme-1","enable_country_selector":true,"enable_language_selector":true,"enable_customer_avatar":true,"mobile_logo_position":"center","margin_bottom":0,"padding_top":20,"padding_bottom":20}},"header_custom_HkXPYB":{"type":"header-custom","name":"Custom Responsive Header","settings":{"logo_text":"TISSO VISON","center_text":"Find the ideal gift for your loved ones.","button_text":"CHOOSE GIFT","button_link":"https:\/\/diwine-div.myshopify.com\/cart"}}},"order":["header","header_custom_HkXPYB"]}