{"sections":{"contact_form_fqUTXD":{"type":"contact-form","disabled":true,"settings":{"heading":"Contact form","heading_size":"h1","color_scheme":"scheme-3","padding_top":36,"padding_bottom":36}},"banner_gift_guide_6GU66F":{"type":"banner-gift-guide","name":"Banner with Subheadings","settings":{"banner_image":"shopify:\/\/shop_images\/Banner_1.jpg","mobile_banner_image":"shopify:\/\/shop_images\/Mobile.jpg","main_title":"The Gift Guide","subheading_text":"Discover Joy: Your Ultimate Holiday Gift Destination. Explore our curated selection and find the perfect gifts to delight your loved ones this holiday season.","top_button_label":"SHOP NOW","top_button_link":"shopify:\/\/collections\/all","subheading_text2":"Discover Joy: Your Ultimate Holiday Gift Destination.","subheading_text3":"SUSTAINABLE, ETHICALLY MADE CLOTHES IN SIZES XXS TO 6XL","subheading_text4":"SUSTAINABLE, ETHICALLY MADE ACTIVEWEAR"}},"product_grid_popup_MtGwtw":{"type":"product-grid-popup","blocks":{"product_block_aDmPYH":{"type":"product_block","settings":{"product":"black-leather-bag"}},"product_block_crTCcb":{"type":"product_block","settings":{"product":"blue-silk-tuxedo"}},"product_block_Dzx8ht":{"type":"product_block","settings":{"product":"chequered-red-shirt"}},"product_block_9nxhAf":{"type":"product_block","settings":{"product":"classic-leather-jacket"}},"product_block_3brat7":{"type":"product_block","settings":{"product":"classic-varsity-top"}},"product_block_3fiekQ":{"type":"product_block","settings":{"product":"dark-denim-top"}}},"block_order":["product_block_aDmPYH","product_block_crTCcb","product_block_Dzx8ht","product_block_9nxhAf","product_block_3brat7","product_block_3fiekQ"],"name":"Product Grid Popup","settings":{"title":"Tisso vison in the wild"}}},"order":["contact_form_fqUTXD","banner_gift_guide_6GU66F","product_grid_popup_MtGwtw"]}