{"sections":{"main":{"type":"main-page","settings":{"padding_top":28,"padding_bottom":28}},"banner_gift_guide_mzbCkU":{"type":"banner-gift-guide","name":"Gift Guide Banner","settings":{"logo_text":"Tisso Vison","tagline":"Perfect gifts for everyone","btn_primary":"Shop Now","btn_primary_link":"","heading":"Holiday Gift Guide","subtext":"Find the perfect present this season","btn_secondary":"Learn More","btn_secondary_link":"","footer_text":"Free shipping on all orders over $50"}},"product_grid_popup_UydFMe":{"type":"product-grid-popup","name":"Product Grid Popup","settings":{"products":["black-leather-bag","blue-silk-tuxedo","chequered-red-shirt","classic-leather-jacket"]}}},"order":["main","banner_gift_guide_mzbCkU","product_grid_popup_UydFMe"]}