{"current":{"logo":"shopify:\/\/shop_images\/logo_2.png","logo_width":90,"type_header_font":"poppins_n4","heading_scale":100,"type_body_font":"sans-serif","body_scale":100,"page_width":1200,"spacing_sections":0,"spacing_grid_horizontal":8,"spacing_grid_vertical":8,"animations_reveal_on_scroll":true,"animations_hover_elements":"none","buttons_border_thickness":1,"buttons_border_opacity":100,"buttons_radius":0,"buttons_shadow_opacity":0,"buttons_shadow_horizontal_offset":0,"buttons_shadow_vertical_offset":4,"buttons_shadow_blur":5,"variant_pills_border_thickness":1,"variant_pills_border_opacity":55,"variant_pills_radius":40,"variant_pills_shadow_opacity":0,"variant_pills_shadow_horizontal_offset":0,"variant_pills_shadow_vertical_offset":4,"variant_pills_shadow_blur":5,"inputs_border_thickness":1,"inputs_border_opacity":55,"inputs_radius":0,"inputs_shadow_opacity":0,"inputs_shadow_horizontal_offset":0,"inputs_shadow_vertical_offset":4,"inputs_shadow_blur":5,"card_style":"standard","card_image_padding":0,"card_text_alignment":"left","card_color_scheme":"scheme-2","card_border_thickness":0,"card_border_opacity":10,"card_corner_radius":0,"card_shadow_opacity":0,"card_shadow_horizontal_offset":0,"card_shadow_vertical_offset":4,"card_shadow_blur":5,"collection_card_style":"standard","collection_card_image_padding":0,"collection_card_text_alignment":"left","collection_card_color_scheme":"scheme-2","collection_card_border_thickness":0,"collection_card_border_opacity":10,"collection_card_corner_radius":0,"collection_card_shadow_opacity":0,"collection_card_shadow_horizontal_offset":0,"collection_card_shadow_vertical_offset":4,"collection_card_shadow_blur":5,"blog_card_style":"standard","blog_card_image_padding":0,"blog_card_text_alignment":"left","blog_card_color_scheme":"scheme-2","blog_card_border_thickness":0,"blog_card_border_opacity":10,"blog_card_corner_radius":0,"blog_card_shadow_opacity":0,"blog_card_shadow_horizontal_offset":0,"blog_card_shadow_vertical_offset":4,"blog_card_shadow_blur":5,"text_boxes_border_thickness":0,"text_boxes_border_opacity":10,"text_boxes_radius":0,"text_boxes_shadow_opacity":0,"text_boxes_shadow_horizontal_offset":0,"text_boxes_shadow_vertical_offset":4,"text_boxes_shadow_blur":5,"media_border_thickness":1,"media_border_opacity":5,"media_radius":0,"media_shadow_opacity":0,"media_shadow_horizontal_offset":0,"media_shadow_vertical_offset":4,"media_shadow_blur":5,"popup_border_thickness":1,"popup_border_opacity":10,"popup_corner_radius":0,"popup_shadow_opacity":5,"popup_shadow_horizontal_offset":0,"popup_shadow_vertical_offset":4,"popup_shadow_blur":5,"drawer_border_thickness":1,"drawer_border_opacity":10,"drawer_shadow_opacity":0,"drawer_shadow_horizontal_offset":0,"drawer_shadow_vertical_offset":4,"drawer_shadow_blur":5,"badge_position":"bottom left","badge_corner_radius":40,"sale_badge_color_scheme":"scheme-4","sold_out_badge_color_scheme":"scheme-3","brand_headline":"","brand_description":"<p><\/p>","brand_image_width":100,"social_facebook_link":"","social_instagram_link":"","social_youtube_link":"","social_tiktok_link":"","social_twitter_link":"","social_snapchat_link":"","social_pinterest_link":"","social_tumblr_link":"","social_vimeo_link":"","predictive_search_enabled":true,"predictive_search_show_vendor":false,"predictive_search_show_price":false,"currency_code_enabled":true,"cart_type":"notification","show_vendor":false,"show_cart_note":false,"cart_drawer_collection":"","cart_color_scheme":"scheme-1","sections":{"main-password-header":{"type":"main-password-header","settings":{"color_scheme":"scheme-1"}},"main-password-footer":{"type":"main-password-footer","settings":{"color_scheme":"scheme-1"}},"banner-gift-guide":{"type":"banner-gift-guide","settings":{"banner_image":"shopify:\/\/shop_images\/Banner_1.jpg","main_title":"The Gift Guide","subheading_text":"Discover Joy: Your Ultimate Holiday Gift Destination. Explore our curated selection and find the perfect gifts to delight your loved ones this holiday season.","top_button_label":"Shop Now","top_button_link":"","subheading_text2":"SUSTAINABLE, ETHICALLY MADE CLOTHES IN SIZES XXS TO 6XL"}},"product-grid-popup":{"type":"product-grid-popup","blocks":{"product_block_7niPyy":{"type":"product_block","settings":{"product":"dark-denim-top"}},"product_block_br8TGH":{"type":"product_block","settings":{"product":"classic-varsity-top"}},"product_block_mWYci6":{"type":"product_block","settings":{"product":"classic-leather-jacket"}},"product_block_7D4eAd":{"type":"product_block","settings":{"product":"chequered-red-shirt"}},"product_block_dwE9rY":{"type":"product_block","settings":{"product":"blue-silk-tuxedo"}},"product_block_9B48nt":{"type":"product_block","settings":{"product":"black-leather-bag"}}},"block_order":["product_block_7niPyy","product_block_br8TGH","product_block_mWYci6","product_block_7D4eAd","product_block_dwE9rY","product_block_9B48nt"],"settings":{"title":"Tisso vison in the wild"}}},"content_for_index":[],"color_schemes":{"scheme-1":{"settings":{"background":"#ffffff","background_gradient":"","text":"#121212","button":"#121212","button_label":"#ffffff","secondary_button_label":"#121212","shadow":"#121212"}},"scheme-2":{"settings":{"background":"#f3f3f3","background_gradient":"","text":"#121212","button":"#121212","button_label":"#f3f3f3","secondary_button_label":"#121212","shadow":"#121212"}},"scheme-3":{"settings":{"background":"#242833","background_gradient":"","text":"#ffffff","button":"#ffffff","button_label":"#000000","secondary_button_label":"#ffffff","shadow":"#121212"}},"scheme-4":{"settings":{"background":"#121212","background_gradient":"","text":"#ffffff","button":"#ffffff","button_label":"#121212","secondary_button_label":"#ffffff","shadow":"#121212"}},"scheme-5":{"settings":{"background":"#334fb4","background_gradient":"","text":"#ffffff","button":"#ffffff","button_label":"#334fb4","secondary_button_label":"#ffffff","shadow":"#121212"}}}},"presets":{"Default":{"logo_width":90,"color_schemes":{"scheme-1":{"settings":{"background":"#FFFFFF","background_gradient":"","text":"#121212","button":"#121212","button_label":"#FFFFFF","secondary_button_label":"#121212","shadow":"#121212"}},"scheme-2":{"settings":{"background":"#F3F3F3","background_gradient":"","text":"#121212","button":"#121212","button_label":"#F3F3F3","secondary_button_label":"#121212","shadow":"#121212"}},"scheme-3":{"settings":{"background":"#242833","background_gradient":"","text":"#FFFFFF","button":"#FFFFFF","button_label":"#000000","secondary_button_label":"#FFFFFF","shadow":"#121212"}},"scheme-4":{"settings":{"background":"#121212","background_gradient":"","text":"#FFFFFF","button":"#FFFFFF","button_label":"#121212","secondary_button_label":"#FFFFFF","shadow":"#121212"}},"scheme-5":{"settings":{"background":"#334FB4","background_gradient":"","text":"#FFFFFF","button":"#FFFFFF","button_label":"#334FB4","secondary_button_label":"#FFFFFF","shadow":"#121212"}}},"type_header_font":"assistant_n4","heading_scale":100,"type_body_font":"assistant_n4","body_scale":100,"page_width":1200,"spacing_sections":0,"spacing_grid_horizontal":8,"spacing_grid_vertical":8,"animations_reveal_on_scroll":true,"animations_hover_elements":"none","buttons_border_thickness":1,"buttons_border_opacity":100,"buttons_radius":0,"buttons_shadow_opacity":0,"buttons_shadow_horizontal_offset":0,"buttons_shadow_vertical_offset":4,"buttons_shadow_blur":5,"variant_pills_border_thickness":1,"variant_pills_border_opacity":55,"variant_pills_radius":40,"variant_pills_shadow_opacity":0,"variant_pills_shadow_horizontal_offset":0,"variant_pills_shadow_vertical_offset":4,"variant_pills_shadow_blur":5,"inputs_border_thickness":1,"inputs_border_opacity":55,"inputs_radius":0,"inputs_shadow_opacity":0,"inputs_shadow_horizontal_offset":0,"inputs_shadow_vertical_offset":4,"inputs_shadow_blur":5,"card_style":"standard","card_image_padding":0,"card_text_alignment":"left","card_color_scheme":"scheme-2","card_border_thickness":0,"card_border_opacity":10,"card_corner_radius":0,"card_shadow_opacity":0,"card_shadow_horizontal_offset":0,"card_shadow_vertical_offset":4,"card_shadow_blur":5,"collection_card_style":"standard","collection_card_image_padding":0,"collection_card_text_alignment":"left","collection_card_color_scheme":"scheme-2","collection_card_border_thickness":0,"collection_card_border_opacity":10,"collection_card_corner_radius":0,"collection_card_shadow_opacity":0,"collection_card_shadow_horizontal_offset":0,"collection_card_shadow_vertical_offset":4,"collection_card_shadow_blur":5,"blog_card_style":"standard","blog_card_image_padding":0,"blog_card_text_alignment":"left","blog_card_color_scheme":"scheme-2","blog_card_border_thickness":0,"blog_card_border_opacity":10,"blog_card_corner_radius":0,"blog_card_shadow_opacity":0,"blog_card_shadow_horizontal_offset":0,"blog_card_shadow_vertical_offset":4,"blog_card_shadow_blur":5,"text_boxes_border_thickness":0,"text_boxes_border_opacity":10,"text_boxes_radius":0,"text_boxes_shadow_opacity":0,"text_boxes_shadow_horizontal_offset":0,"text_boxes_shadow_vertical_offset":4,"text_boxes_shadow_blur":5,"media_border_thickness":1,"media_border_opacity":5,"media_radius":0,"media_shadow_opacity":0,"media_shadow_horizontal_offset":0,"media_shadow_vertical_offset":4,"media_shadow_blur":5,"popup_border_thickness":1,"popup_border_opacity":10,"popup_corner_radius":0,"popup_shadow_opacity":5,"popup_shadow_horizontal_offset":0,"popup_shadow_vertical_offset":4,"popup_shadow_blur":5,"drawer_border_thickness":1,"drawer_border_opacity":10,"drawer_shadow_opacity":0,"drawer_shadow_horizontal_offset":0,"drawer_shadow_vertical_offset":4,"drawer_shadow_blur":5,"badge_position":"bottom left","badge_corner_radius":40,"sale_badge_color_scheme":"scheme-4","sold_out_badge_color_scheme":"scheme-3","brand_headline":"","brand_description":"<p><\/p>","brand_image_width":100,"social_twitter_link":"","social_facebook_link":"","social_pinterest_link":"","social_instagram_link":"","social_tiktok_link":"","social_tumblr_link":"","social_snapchat_link":"","social_youtube_link":"","social_vimeo_link":"","predictive_search_enabled":true,"predictive_search_show_vendor":false,"predictive_search_show_price":false,"currency_code_enabled":true,"cart_type":"notification","show_vendor":false,"show_cart_note":false,"cart_drawer_collection":"","cart_color_scheme":"scheme-1","sections":{"main-password-header":{"type":"main-password-header","settings":{"color_scheme":"scheme-1"}},"main-password-footer":{"type":"main-password-footer","settings":{"color_scheme":"scheme-1"}}}}},"platform_customizations":{"custom_css":[]}}